entity_id,canonical_name,entity_type,host,is_malicious,stage,first_seen,last_seen,description
ENT000001,/etc/cron.d/syswatch,file,ws-finance-01,1,PE/Persistence,2026-01-20 10:05:44,2026-01-20 10:08:30,attack-related entity
ENT000002,/etc/hosts,file,ws-finance-01,1,Discovery,2026-01-20 09:36:29,2026-01-20 10:20:07,attack-related entity
ENT000003,/home/u_dev/src/portal/Dockerfile,file,ws-dev-02,0,benign,2026-01-20 10:40:36,2026-01-20 10:54:21,benign background entity
ENT000004,/home/u_dev/src/portal/app/config.yaml,file,ws-dev-02,0,benign,2026-01-20 09:18:15,2026-01-20 14:57:31,benign background entity
ENT000005,/home/u_dev/src/portal/requirements.lock,file,ws-dev-02,0,benign,2026-01-20 11:50:16,2026-01-20 12:04:44,benign background entity
ENT000006,/home/u_dev/src/portal/requirements.txt,file,ws-dev-02,0,benign,2026-01-20 09:02:35,2026-01-20 14:41:18,benign background entity
ENT000007,/home/u_dev/src/portal/tests/test_api.py,file,ws-dev-02,0,benign,2026-01-20 09:00:10,2026-01-20 14:59:37,benign background entity
ENT000008,/home/u_fin/.cache/mozilla/cookies.sqlite,file,ws-finance-01,0,benign,2026-01-20 09:02:39,2026-01-20 14:58:01,benign background entity
ENT000009,/home/u_fin/.cache/mozilla/portal-cache.sqlite,file,ws-finance-01,0,benign,2026-01-20 09:00:08,2026-01-20 14:57:41,benign background entity
ENT000010,/home/u_fin/.cache/update-check,file,ws-finance-01,1,IA,2026-01-20 09:25:13,2026-01-20 09:25:20,attack-related entity
ENT000011,/home/u_fin/.config/portal/session.dat,file,ws-finance-01,1,Discovery,2026-01-20 09:52:04,2026-01-20 09:52:04,attack-related entity
ENT000012,/home/u_fin/.ssh/config,file,ws-finance-01,1,Discovery,2026-01-20 09:36:10,2026-01-20 09:36:10,attack-related entity
ENT000013,/home/u_fin/.ssh/known_hosts,file,ws-finance-01,1,Discovery,2026-01-20 10:20:16,2026-01-20 10:20:16,attack-related entity
ENT000014,/home/u_fin/.thunderbird/cache/index.sqlite,file,ws-finance-01,0,benign,2026-01-20 09:00:17,2026-01-20 14:55:30,benign background entity
ENT000015,/home/u_fin/Downloads/report.pdf,file,ws-finance-01,0,benign,2026-01-20 09:04:46,2026-01-20 14:32:51,benign background entity
ENT000016,/home/u_fin/Downloads/report_update.pdf,file,ws-finance-01,1,Defense-Evasion/IA,2026-01-20 09:24:51,2026-01-20 10:12:12,attack-related entity
ENT000017,/home/u_fin/docs/budget_q1.xlsx,file,ws-finance-01,0,benign,2026-01-20 09:28:19,2026-01-20 14:40:07,benign background entity
ENT000018,/home/u_fin/docs/budget_q1_autosave.xlsx,file,ws-finance-01,0,benign,2026-01-20 09:36:41,2026-01-20 14:12:35,benign background entity
ENT000019,/home/u_fin/docs/budget_q2.xlsx,file,ws-finance-01,0,benign,2026-01-20 09:03:02,2026-01-20 14:59:52,benign background entity
ENT000020,/home/u_fin/docs/budget_q2_autosave.xlsx,file,ws-finance-01,0,benign,2026-01-20 10:56:31,2026-01-20 12:44:36,benign background entity
ENT000021,/home/u_fin/docs/payroll_notes.docx,file,ws-finance-01,0,benign,2026-01-20 10:32:45,2026-01-20 14:44:40,benign background entity
ENT000022,/home/u_fin/docs/payroll_notes_autosave.docx,file,ws-finance-01,0,benign,2026-01-20 10:32:51,2026-01-20 13:44:20,benign background entity
ENT000023,/run/user/1001/gvfs/metadata,file,ws-finance-01,0,benign,2026-01-20 09:01:55,2026-01-20 14:59:27,benign background entity
ENT000024,/srv/share/.backup-manifest,file,file-srv-01,0,benign,2026-01-20 09:03:29,2026-01-20 14:48:26,benign background entity
ENT000025,/srv/share/.snapshot-index,file,file-srv-01,0,benign,2026-01-20 14:30:37,2026-01-20 14:49:34,benign background entity
ENT000026,/srv/share/dev/release_notes.txt,file,file-srv-01,0,benign,2026-01-20 09:02:02,2026-01-20 14:48:21,benign background entity
ENT000027,/srv/share/dev/release_notes.txt.lock,file,file-srv-01,0,benign,2026-01-20 09:26:19,2026-01-20 14:08:46,benign background entity
ENT000028,/srv/share/finance/budget.xlsx,file,ws-finance-01,1,Collection,2026-01-20 11:07:41,2026-01-20 11:10:12,attack-related entity
ENT000029,/srv/share/finance/budget_q1.xlsx,file,file-srv-01,0,benign,2026-01-20 09:04:24,2026-01-20 14:40:40,benign background entity
ENT000030,/srv/share/finance/budget_q1.xlsx.lock,file,file-srv-01,0,benign,2026-01-20 09:20:02,2026-01-20 12:22:20,benign background entity
ENT000031,/srv/share/finance/monthly_summary.xlsx,file,ws-finance-01,0,benign,2026-01-20 09:16:19,2026-01-20 14:36:27,benign background entity
ENT000032,/srv/share/finance/monthly_summary_autosave.xlsx,file,ws-finance-01,0,benign,2026-01-20 09:20:49,2026-01-20 12:20:22,benign background entity
ENT000033,/srv/share/finance/vendor_invoice.pdf,file,file-srv-01,0,benign,2026-01-20 09:00:08,2026-01-20 14:56:27,benign background entity
ENT000034,/srv/share/finance/vendor_invoice.pdf.lock,file,file-srv-01,0,benign,2026-01-20 09:14:25,2026-01-20 14:44:52,benign background entity
ENT000035,/srv/share/hr/staff.csv,file,ws-finance-01,1,Collection,2026-01-20 11:09:18,2026-01-20 11:10:20,attack-related entity
ENT000036,/srv/share/projects/roadmap.md,file,file-srv-01,0,benign,2026-01-20 09:00:31,2026-01-20 14:58:41,benign background entity
ENT000037,/srv/share/projects/roadmap.md.lock,file,file-srv-01,0,benign,2026-01-20 09:08:06,2026-01-20 14:46:19,benign background entity
ENT000038,/srv/share/public/office_schedule.xlsx,file,file-srv-01,0,benign,2026-01-20 09:00:26,2026-01-20 14:58:09,benign background entity
ENT000039,/srv/share/public/office_schedule.xlsx.lock,file,file-srv-01,0,benign,2026-01-20 09:06:27,2026-01-20 12:52:38,benign background entity
ENT000040,/tmp/.session-x1,file,ws-finance-01,1,C2/Execution/Exfiltration/Persistence,2026-01-20 09:29:48,2026-01-20 13:41:50,attack-related entity
ENT000041,/tmp/finance_pack.tmp,file,ws-finance-01,1,Collection/Exfiltration,2026-01-20 11:10:38,2026-01-20 13:36:18,attack-related entity
ENT000042,/usr/bin/hostname,file,ws-finance-01,1,Discovery,2026-01-20 09:37:17,2026-01-20 09:37:17,attack-related entity
ENT000043,/usr/bin/maintenance-helper,file,ws-finance-01,1,PE,2026-01-20 10:04:58,2026-01-20 10:04:58,attack-related entity
ENT000044,/usr/bin/make,file,ws-dev-02,0,benign,2026-01-20 09:01:51,2026-01-20 14:58:25,benign background entity
ENT000045,/usr/bin/whoami,file,ws-finance-01,1,Discovery,2026-01-20 09:37:08,2026-01-20 09:37:08,attack-related entity
ENT000046,/usr/local/bin/syswatch,file,ws-finance-01,1,PE,2026-01-20 10:05:17,2026-01-20 10:05:29,attack-related entity
ENT000047,/var/cache/apt/pkgcache.bin,file,ws-finance-01,0,benign,2026-01-20 09:10:34,2026-01-20 14:40:11,benign background entity
ENT000048,/var/cache/portal/session.cache,file,portal-web-01,0,benign,2026-01-20 12:10:22,2026-01-20 13:27:31,benign background entity
ENT000049,/var/lib/docker/containers/config.v2.json,file,ws-dev-02,0,benign,2026-01-20 09:02:30,2026-01-20 14:58:14,benign background entity
ENT000050,/var/lib/docker/tmp/build-context.tar,file,ws-dev-02,0,benign,2026-01-20 09:05:15,2026-01-20 14:59:23,benign background entity
ENT000051,/var/lib/docker/tmp/build-layer.tar,file,ws-dev-02,0,benign,2026-01-20 10:40:37,2026-01-20 10:54:22,benign background entity
ENT000052,/var/lib/prometheus/wal/000001,file,mon-srv-01,0,benign,2026-01-20 09:01:45,2026-01-20 14:59:44,benign background entity
ENT000053,/var/log/collector/ingest.log,file,mon-srv-01,0,benign,2026-01-20 09:00:48,2026-01-20 14:59:12,benign background entity
ENT000054,/var/log/nginx/access.log,file,portal-web-01,0,benign,2026-01-20 09:00:42,2026-01-20 14:59:14,benign background entity
ENT000055,/var/log/rsyncd.log,file,file-srv-01,0,benign,2026-01-20 09:01:29,2026-01-20 14:59:35,benign background entity
ENT000056,/var/log/suricata/eve.json,file,mon-srv-01,0,benign,2026-01-20 09:01:27,2026-01-20 14:53:39,benign background entity
ENT000057,/var/www/portal/.cache/.sync-state,file,portal-web-01,1,Persistence,2026-01-20 12:20:14,2026-01-20 12:20:14,attack-related entity
ENT000058,/var/www/portal/.cache/portal-sync,file,portal-web-01,1,C2/Persistence,2026-01-20 12:02:35,2026-01-20 12:44:28,attack-related entity
ENT000059,/var/www/portal/app.py,file,portal-web-01,1,Discovery/benign,2026-01-20 09:00:43,2026-01-20 14:57:38,attack-related entity
ENT000060,/var/www/portal/config.yaml,file,portal-web-01,0,benign,2026-01-20 09:00:40,2026-01-20 14:58:12,benign background entity
ENT000061,10.20.1.11:42007,socket,internal,0,benign,2026-01-20 13:08:32,2026-01-20 13:08:32,benign background entity
ENT000062,10.20.1.11:42067,socket,internal,0,benign,2026-01-20 14:18:37,2026-01-20 14:18:37,benign background entity
ENT000063,10.20.1.11:42072,socket,internal,0,benign,2026-01-20 12:26:04,2026-01-20 12:26:04,benign background entity
ENT000064,10.20.1.11:42222,socket,internal,0,benign,2026-01-20 13:28:12,2026-01-20 13:28:12,benign background entity
ENT000065,10.20.1.11:42247,socket,internal,0,benign,2026-01-20 09:48:46,2026-01-20 09:48:46,benign background entity
ENT000066,10.20.1.11:42391,socket,internal,0,benign,2026-01-20 11:20:02,2026-01-20 11:20:02,benign background entity
ENT000067,10.20.1.11:42432,socket,internal,0,benign,2026-01-20 14:29:41,2026-01-20 14:29:41,benign background entity
ENT000068,10.20.1.11:42576,socket,internal,0,benign,2026-01-20 14:51:21,2026-01-20 14:51:21,benign background entity
ENT000069,10.20.1.11:42790,socket,internal,0,benign,2026-01-20 09:11:15,2026-01-20 09:11:15,benign background entity
ENT000070,10.20.1.11:42967,socket,internal,0,benign,2026-01-20 11:10:47,2026-01-20 11:10:47,benign background entity
ENT000071,10.20.1.11:42973,socket,internal,0,benign,2026-01-20 14:15:16,2026-01-20 14:15:16,benign background entity
ENT000072,10.20.1.11:43138,socket,internal,0,benign,2026-01-20 12:59:33,2026-01-20 12:59:33,benign background entity
ENT000073,10.20.1.11:43533,socket,internal,0,benign,2026-01-20 13:40:12,2026-01-20 13:40:12,benign background entity
ENT000074,10.20.1.11:43941,socket,internal,0,benign,2026-01-20 14:13:33,2026-01-20 14:13:33,benign background entity
ENT000075,10.20.1.11:43986,socket,internal,0,benign,2026-01-20 13:02:34,2026-01-20 13:02:34,benign background entity
ENT000076,10.20.1.11:44016,socket,internal,0,benign,2026-01-20 11:21:14,2026-01-20 11:21:14,benign background entity
ENT000077,10.20.1.11:44311,socket,internal,0,benign,2026-01-20 10:39:42,2026-01-20 10:39:42,benign background entity
ENT000078,10.20.1.11:44468,socket,internal,0,benign,2026-01-20 09:27:06,2026-01-20 09:27:06,benign background entity
ENT000079,10.20.1.11:44559,socket,internal,0,benign,2026-01-20 13:52:47,2026-01-20 13:52:47,benign background entity
ENT000080,10.20.1.11:44996,socket,internal,0,benign,2026-01-20 09:53:50,2026-01-20 09:53:50,benign background entity
ENT000081,10.20.1.11:45524,socket,internal,0,benign,2026-01-20 10:09:12,2026-01-20 10:09:12,benign background entity
ENT000082,10.20.1.11:45725,socket,internal,0,benign,2026-01-20 09:07:29,2026-01-20 09:07:29,benign background entity
ENT000083,10.20.1.11:45988,socket,internal,0,benign,2026-01-20 10:24:13,2026-01-20 10:24:13,benign background entity
ENT000084,10.20.1.11:46173,socket,internal,0,benign,2026-01-20 11:54:31,2026-01-20 11:54:31,benign background entity
ENT000085,10.20.1.11:46519,socket,internal,0,benign,2026-01-20 14:55:00,2026-01-20 14:55:00,benign background entity
ENT000086,10.20.1.11:46544,socket,internal,0,benign,2026-01-20 11:19:15,2026-01-20 11:19:15,benign background entity
ENT000087,10.20.1.11:46594,socket,internal,0,benign,2026-01-20 13:18:05,2026-01-20 13:18:05,benign background entity
ENT000088,10.20.1.11:46758,socket,internal,0,benign,2026-01-20 11:12:17,2026-01-20 11:12:17,benign background entity
ENT000089,10.20.1.11:46848,socket,internal,0,benign,2026-01-20 10:57:47,2026-01-20 10:57:47,benign background entity
ENT000090,10.20.1.11:46928,socket,internal,0,benign,2026-01-20 13:15:39,2026-01-20 13:15:39,benign background entity
ENT000091,10.20.1.11:47092,socket,internal,0,benign,2026-01-20 11:47:33,2026-01-20 11:47:33,benign background entity
ENT000092,10.20.1.11:47134,socket,internal,0,benign,2026-01-20 12:29:47,2026-01-20 12:29:47,benign background entity
ENT000093,10.20.1.11:47458,socket,internal,0,benign,2026-01-20 13:51:32,2026-01-20 13:51:32,benign background entity
ENT000094,10.20.1.11:47776,socket,internal,0,benign,2026-01-20 12:46:46,2026-01-20 12:46:46,benign background entity
ENT000095,10.20.1.11:47799,socket,internal,0,benign,2026-01-20 10:43:04,2026-01-20 10:43:04,benign background entity
ENT000096,10.20.1.11:47804,socket,internal,0,benign,2026-01-20 11:40:27,2026-01-20 11:40:27,benign background entity
ENT000097,10.20.1.11:48388,socket,internal,0,benign,2026-01-20 12:56:17,2026-01-20 12:56:17,benign background entity
ENT000098,10.20.1.11:48545,socket,internal,0,benign,2026-01-20 09:04:12,2026-01-20 09:04:12,benign background entity
ENT000099,10.20.1.11:48703,socket,internal,0,benign,2026-01-20 13:09:42,2026-01-20 13:09:42,benign background entity
ENT000100,10.20.1.11:49061,socket,internal,0,benign,2026-01-20 11:14:17,2026-01-20 11:14:17,benign background entity
ENT000101,10.20.1.11:49171,socket,internal,0,benign,2026-01-20 14:16:34,2026-01-20 14:16:34,benign background entity
ENT000102,10.20.1.11:49588,socket,internal,0,benign,2026-01-20 09:55:00,2026-01-20 09:55:00,benign background entity
ENT000103,10.20.1.11:49601,socket,internal,0,benign,2026-01-20 14:33:37,2026-01-20 14:33:37,benign background entity
ENT000104,10.20.1.11:49640,socket,internal,0,benign,2026-01-20 10:11:11,2026-01-20 10:11:11,benign background entity
ENT000105,10.20.1.11:49642,socket,internal,0,benign,2026-01-20 10:33:50,2026-01-20 10:33:50,benign background entity
ENT000106,10.20.1.11:49828,socket,internal,0,benign,2026-01-20 14:01:14,2026-01-20 14:01:14,benign background entity
ENT000107,10.20.1.11:49926,socket,internal,0,benign,2026-01-20 10:46:41,2026-01-20 10:46:41,benign background entity
ENT000108,10.20.1.11:50271,socket,internal,0,benign,2026-01-20 09:26:26,2026-01-20 09:26:26,benign background entity
ENT000109,10.20.1.11:50450,socket,internal,0,benign,2026-01-20 11:30:20,2026-01-20 11:30:20,benign background entity
ENT000110,10.20.1.11:50452,socket,internal,0,benign,2026-01-20 10:41:22,2026-01-20 10:41:22,benign background entity
ENT000111,10.20.1.11:50566,socket,internal,0,benign,2026-01-20 14:53:05,2026-01-20 14:53:05,benign background entity
ENT000112,10.20.1.11:50683,socket,internal,0,benign,2026-01-20 10:18:39,2026-01-20 10:18:39,benign background entity
ENT000113,10.20.1.11:51193,socket,internal,0,benign,2026-01-20 11:34:38,2026-01-20 11:34:38,benign background entity
ENT000114,10.20.1.11:51342,socket,internal,0,benign,2026-01-20 14:58:20,2026-01-20 14:58:20,benign background entity
ENT000115,10.20.1.11:51391,socket,internal,0,benign,2026-01-20 13:16:01,2026-01-20 13:16:01,benign background entity
ENT000116,10.20.1.11:51521,socket,internal,0,benign,2026-01-20 12:16:28,2026-01-20 12:16:28,benign background entity
ENT000117,10.20.1.11:51715,socket,internal,0,benign,2026-01-20 11:59:32,2026-01-20 11:59:32,benign background entity
ENT000118,10.20.1.11:51716,socket,internal,0,benign,2026-01-20 12:28:19,2026-01-20 12:28:19,benign background entity
ENT000119,10.20.1.11:51909,socket,internal,0,benign,2026-01-20 11:35:38,2026-01-20 11:35:38,benign background entity
ENT000120,10.20.1.11:51940,socket,internal,0,benign,2026-01-20 14:42:35,2026-01-20 14:42:35,benign background entity
ENT000121,10.20.1.11:51969,socket,internal,0,benign,2026-01-20 09:41:06,2026-01-20 09:41:06,benign background entity
ENT000122,10.20.1.11:52168,socket,internal,0,benign,2026-01-20 10:04:02,2026-01-20 10:04:02,benign background entity
ENT000123,10.20.1.11:52294,socket,internal,0,benign,2026-01-20 09:09:13,2026-01-20 09:09:13,benign background entity
ENT000124,10.20.1.11:52364,socket,internal,0,benign,2026-01-20 09:00:41,2026-01-20 09:00:41,benign background entity
ENT000125,10.20.1.11:52552,socket,internal,0,benign,2026-01-20 11:37:30,2026-01-20 11:37:30,benign background entity
ENT000126,10.20.1.11:52664,socket,internal,0,benign,2026-01-20 14:59:13,2026-01-20 14:59:13,benign background entity
ENT000127,10.20.1.11:53146,socket,internal,0,benign,2026-01-20 12:07:11,2026-01-20 12:07:11,benign background entity
ENT000128,10.20.1.11:53338,socket,internal,0,benign,2026-01-20 11:00:03,2026-01-20 11:00:03,benign background entity
ENT000129,10.20.1.11:53339,socket,internal,0,benign,2026-01-20 09:02:23,2026-01-20 09:02:23,benign background entity
ENT000130,10.20.1.11:53400,socket,internal,0,benign,2026-01-20 09:36:50,2026-01-20 09:36:50,benign background entity
ENT000131,10.20.1.11:53541,socket,internal,0,benign,2026-01-20 12:53:29,2026-01-20 12:53:29,benign background entity
ENT000132,10.20.1.11:53599,socket,internal,0,benign,2026-01-20 09:13:11,2026-01-20 09:13:11,benign background entity
ENT000133,10.20.1.11:53916,socket,internal,0,benign,2026-01-20 11:08:00,2026-01-20 11:08:00,benign background entity
ENT000134,10.20.1.11:53947,socket,internal,0,benign,2026-01-20 13:22:30,2026-01-20 13:22:30,benign background entity
ENT000135,10.20.1.11:54323,socket,internal,0,benign,2026-01-20 12:54:47,2026-01-20 12:54:47,benign background entity
ENT000136,10.20.1.11:54493,socket,internal,0,benign,2026-01-20 11:04:21,2026-01-20 11:04:21,benign background entity
ENT000137,10.20.1.11:54579,socket,internal,0,benign,2026-01-20 12:15:14,2026-01-20 12:15:14,benign background entity
ENT000138,10.20.1.11:54592,socket,internal,0,benign,2026-01-20 13:04:22,2026-01-20 13:04:22,benign background entity
ENT000139,10.20.1.11:54598,socket,internal,0,benign,2026-01-20 09:44:43,2026-01-20 09:44:43,benign background entity
ENT000140,10.20.1.11:54628,socket,internal,0,benign,2026-01-20 12:38:10,2026-01-20 12:38:10,benign background entity
ENT000141,10.20.1.11:54650,socket,internal,0,benign,2026-01-20 09:57:29,2026-01-20 09:57:29,benign background entity
ENT000142,10.20.1.11:55067,socket,internal,0,benign,2026-01-20 13:32:22,2026-01-20 13:32:22,benign background entity
ENT000143,10.20.1.11:55104,socket,internal,0,benign,2026-01-20 10:15:15,2026-01-20 10:15:15,benign background entity
ENT000144,10.20.1.11:55437,socket,internal,0,benign,2026-01-20 12:37:17,2026-01-20 12:37:17,benign background entity
ENT000145,10.20.1.11:55516,socket,internal,0,benign,2026-01-20 09:47:44,2026-01-20 09:47:44,benign background entity
ENT000146,10.20.1.11:55557,socket,internal,0,benign,2026-01-20 12:51:00,2026-01-20 12:51:00,benign background entity
ENT000147,10.20.1.11:56035,socket,internal,0,benign,2026-01-20 13:48:41,2026-01-20 13:48:41,benign background entity
ENT000148,10.20.1.11:56195,socket,internal,0,benign,2026-01-20 14:07:02,2026-01-20 14:07:02,benign background entity
ENT000149,10.20.1.11:56372,socket,internal,0,benign,2026-01-20 12:33:39,2026-01-20 12:33:39,benign background entity
ENT000150,10.20.1.11:56622,socket,internal,0,benign,2026-01-20 12:30:21,2026-01-20 12:30:21,benign background entity
ENT000151,10.20.1.11:57125,socket,internal,0,benign,2026-01-20 10:03:26,2026-01-20 10:03:26,benign background entity
ENT000152,10.20.1.11:57211,socket,internal,0,benign,2026-01-20 10:05:19,2026-01-20 10:05:19,benign background entity
ENT000153,10.20.1.11:58083,socket,internal,0,benign,2026-01-20 13:19:13,2026-01-20 13:19:13,benign background entity
ENT000154,10.20.1.11:58099,socket,internal,0,benign,2026-01-20 13:07:50,2026-01-20 13:07:50,benign background entity
ENT000155,10.20.1.11:58204,socket,internal,0,benign,2026-01-20 12:21:20,2026-01-20 12:21:20,benign background entity
ENT000156,10.20.1.11:58410,socket,internal,0,benign,2026-01-20 13:31:35,2026-01-20 13:31:35,benign background entity
ENT000157,10.20.1.11:58730,socket,internal,0,benign,2026-01-20 11:52:00,2026-01-20 11:52:00,benign background entity
ENT000158,10.20.1.11:58952,socket,internal,0,benign,2026-01-20 09:30:19,2026-01-20 09:30:19,benign background entity
ENT000159,10.20.1.11:58987,socket,internal,0,benign,2026-01-20 13:25:14,2026-01-20 13:25:14,benign background entity
ENT000160,10.20.1.11:59045,socket,internal,0,benign,2026-01-20 12:31:11,2026-01-20 12:31:11,benign background entity
ENT000161,10.20.1.11:59354,socket,internal,0,benign,2026-01-20 12:08:28,2026-01-20 12:08:28,benign background entity
ENT000162,10.20.1.11:59423,socket,internal,0,benign,2026-01-20 12:55:39,2026-01-20 12:55:39,benign background entity
ENT000163,10.20.1.11:59524,socket,internal,0,benign,2026-01-20 10:28:50,2026-01-20 10:28:50,benign background entity
ENT000164,10.20.1.11:59829,socket,internal,0,benign,2026-01-20 12:14:04,2026-01-20 12:14:04,benign background entity
ENT000165,10.20.1.11:60175,socket,internal,0,benign,2026-01-20 09:42:32,2026-01-20 09:42:32,benign background entity
ENT000166,10.20.1.11:60195,socket,internal,0,benign,2026-01-20 12:10:44,2026-01-20 12:10:44,benign background entity
ENT000167,10.20.1.11:60241,socket,internal,0,benign,2026-01-20 11:51:39,2026-01-20 11:51:39,benign background entity
ENT000168,10.20.1.11:60422,socket,internal,0,benign,2026-01-20 14:31:05,2026-01-20 14:31:05,benign background entity
ENT000169,10.20.1.11:60483,socket,internal,0,benign,2026-01-20 13:43:37,2026-01-20 13:43:37,benign background entity
ENT000170,10.20.1.11:60498,socket,internal,0,benign,2026-01-20 11:33:29,2026-01-20 11:33:29,benign background entity
ENT000171,10.20.1.11:60686,socket,internal,0,benign,2026-01-20 14:17:20,2026-01-20 14:17:20,benign background entity
ENT000172,10.20.1.11:60739,socket,internal,0,benign,2026-01-20 13:03:29,2026-01-20 13:03:29,benign background entity
ENT000173,10.20.1.11:6514,socket,internal,0,benign,2026-01-20 09:00:13,2026-01-20 14:55:53,benign background entity
ENT000174,10.20.1.11:9100,socket,internal,0,benign,2026-01-20 09:00:14,2026-01-20 14:58:03,benign background entity
ENT000175,10.20.1.12:42022,socket,internal,0,benign,2026-01-20 13:16:04,2026-01-20 13:16:04,benign background entity
ENT000176,10.20.1.12:42078,socket,internal,0,benign,2026-01-20 14:41:40,2026-01-20 14:41:40,benign background entity
ENT000177,10.20.1.12:42125,socket,internal,0,benign,2026-01-20 09:06:14,2026-01-20 09:06:14,benign background entity
ENT000178,10.20.1.12:42340,socket,internal,0,benign,2026-01-20 12:11:32,2026-01-20 12:11:32,benign background entity
ENT000179,10.20.1.12:42453,socket,internal,0,benign,2026-01-20 10:40:19,2026-01-20 10:40:19,benign background entity
ENT000180,10.20.1.12:42554,socket,internal,0,benign,2026-01-20 11:46:49,2026-01-20 11:46:49,benign background entity
ENT000181,10.20.1.12:42660,socket,internal,0,benign,2026-01-20 14:12:31,2026-01-20 14:12:31,benign background entity
ENT000182,10.20.1.12:42666,socket,internal,0,benign,2026-01-20 12:20:20,2026-01-20 12:20:20,benign background entity
ENT000183,10.20.1.12:42676,socket,internal,0,benign,2026-01-20 11:16:38,2026-01-20 11:16:38,benign background entity
ENT000184,10.20.1.12:42879,socket,internal,0,benign,2026-01-20 10:32:46,2026-01-20 10:32:46,benign background entity
ENT000185,10.20.1.12:43140,socket,internal,0,benign,2026-01-20 14:14:35,2026-01-20 14:14:35,benign background entity
ENT000186,10.20.1.12:43179,socket,internal,0,benign,2026-01-20 13:00:47,2026-01-20 13:00:47,benign background entity
ENT000187,10.20.1.12:43262,socket,internal,0,benign,2026-01-20 12:04:03,2026-01-20 12:04:03,benign background entity
ENT000188,10.20.1.12:43449,socket,internal,0,benign,2026-01-20 14:24:00,2026-01-20 14:24:00,benign background entity
ENT000189,10.20.1.12:43484,socket,internal,0,benign,2026-01-20 13:57:50,2026-01-20 13:57:50,benign background entity
ENT000190,10.20.1.12:43592,socket,internal,0,benign,2026-01-20 14:26:44,2026-01-20 14:26:44,benign background entity
ENT000191,10.20.1.12:43606,socket,internal,0,benign,2026-01-20 14:21:20,2026-01-20 14:21:20,benign background entity
ENT000192,10.20.1.12:43652,socket,internal,0,benign,2026-01-20 13:01:38,2026-01-20 13:01:38,benign background entity
ENT000193,10.20.1.12:43703,socket,internal,0,benign,2026-01-20 13:35:47,2026-01-20 13:35:47,benign background entity
ENT000194,10.20.1.12:43737,socket,internal,0,benign,2026-01-20 13:47:39,2026-01-20 13:47:39,benign background entity
ENT000195,10.20.1.12:43958,socket,internal,0,benign,2026-01-20 13:51:32,2026-01-20 13:51:32,benign background entity
ENT000196,10.20.1.12:44040,socket,internal,0,benign,2026-01-20 13:33:33,2026-01-20 13:33:33,benign background entity
ENT000197,10.20.1.12:44204,socket,internal,0,benign,2026-01-20 10:02:20,2026-01-20 10:02:20,benign background entity
ENT000198,10.20.1.12:44206,socket,internal,0,benign,2026-01-20 12:12:09,2026-01-20 12:12:09,benign background entity
ENT000199,10.20.1.12:44220,socket,internal,0,benign,2026-01-20 14:05:38,2026-01-20 14:05:38,benign background entity
ENT000200,10.20.1.12:44232,socket,internal,0,benign,2026-01-20 10:23:25,2026-01-20 10:23:25,benign background entity
ENT000201,10.20.1.12:44249,socket,internal,0,benign,2026-01-20 14:46:47,2026-01-20 14:46:47,benign background entity
ENT000202,10.20.1.12:44514,socket,internal,0,benign,2026-01-20 14:26:18,2026-01-20 14:26:18,benign background entity
ENT000203,10.20.1.12:44640,socket,internal,0,benign,2026-01-20 13:45:44,2026-01-20 13:45:44,benign background entity
ENT000204,10.20.1.12:44945,socket,internal,0,benign,2026-01-20 10:47:21,2026-01-20 10:47:21,benign background entity
ENT000205,10.20.1.12:44973,socket,internal,0,benign,2026-01-20 10:17:05,2026-01-20 10:17:05,benign background entity
ENT000206,10.20.1.12:45007,socket,internal,0,benign,2026-01-20 11:51:40,2026-01-20 11:51:40,benign background entity
ENT000207,10.20.1.12:45126,socket,internal,0,benign,2026-01-20 14:57:36,2026-01-20 14:57:36,benign background entity
ENT000208,10.20.1.12:45128,socket,internal,0,benign,2026-01-20 14:16:35,2026-01-20 14:16:35,benign background entity
ENT000209,10.20.1.12:45253,socket,internal,0,benign,2026-01-20 09:41:24,2026-01-20 09:41:24,benign background entity
ENT000210,10.20.1.12:45271,socket,internal,0,benign,2026-01-20 09:21:00,2026-01-20 09:21:00,benign background entity
ENT000211,10.20.1.12:45388,socket,internal,0,benign,2026-01-20 12:23:40,2026-01-20 12:23:40,benign background entity
ENT000212,10.20.1.12:45400,socket,internal,0,benign,2026-01-20 09:51:40,2026-01-20 09:51:40,benign background entity
ENT000213,10.20.1.12:45422,socket,internal,0,benign,2026-01-20 13:21:27,2026-01-20 13:21:27,benign background entity
ENT000214,10.20.1.12:45510,socket,internal,0,benign,2026-01-20 11:03:03,2026-01-20 11:03:03,benign background entity
ENT000215,10.20.1.12:45530,socket,internal,0,benign,2026-01-20 12:01:38,2026-01-20 12:01:38,benign background entity
ENT000216,10.20.1.12:45938,socket,internal,0,benign,2026-01-20 14:43:09,2026-01-20 14:43:09,benign background entity
ENT000217,10.20.1.12:46018,socket,internal,0,benign,2026-01-20 13:36:04,2026-01-20 13:36:04,benign background entity
ENT000218,10.20.1.12:46259,socket,internal,0,benign,2026-01-20 12:25:03,2026-01-20 12:25:03,benign background entity
ENT000219,10.20.1.12:46333,socket,internal,0,benign,2026-01-20 12:41:40,2026-01-20 12:41:40,benign background entity
ENT000220,10.20.1.12:46520,socket,internal,0,benign,2026-01-20 11:25:19,2026-01-20 11:25:19,benign background entity
ENT000221,10.20.1.12:46739,socket,internal,0,benign,2026-01-20 11:56:41,2026-01-20 11:56:41,benign background entity
ENT000222,10.20.1.12:46834,socket,internal,0,benign,2026-01-20 11:46:16,2026-01-20 11:46:16,benign background entity
ENT000223,10.20.1.12:46889,socket,internal,0,benign,2026-01-20 09:56:06,2026-01-20 09:56:06,benign background entity
ENT000224,10.20.1.12:47123,socket,internal,0,benign,2026-01-20 12:52:10,2026-01-20 12:52:10,benign background entity
ENT000225,10.20.1.12:47165,socket,internal,0,benign,2026-01-20 11:36:27,2026-01-20 11:36:27,benign background entity
ENT000226,10.20.1.12:47182,socket,internal,0,benign,2026-01-20 14:31:38,2026-01-20 14:31:38,benign background entity
ENT000227,10.20.1.12:47185,socket,internal,0,benign,2026-01-20 14:19:23,2026-01-20 14:19:23,benign background entity
ENT000228,10.20.1.12:47191,socket,internal,0,benign,2026-01-20 10:10:25,2026-01-20 10:10:25,benign background entity
ENT000229,10.20.1.12:47318,socket,internal,0,benign,2026-01-20 09:46:29,2026-01-20 09:46:29,benign background entity
ENT000230,10.20.1.12:47319,socket,internal,0,benign,2026-01-20 13:11:37,2026-01-20 13:11:37,benign background entity
ENT000231,10.20.1.12:47323,socket,internal,0,benign,2026-01-20 10:46:31,2026-01-20 10:46:31,benign background entity
ENT000232,10.20.1.12:47345,socket,internal,0,benign,2026-01-20 10:16:49,2026-01-20 10:16:49,benign background entity
ENT000233,10.20.1.12:47409,socket,internal,0,benign,2026-01-20 10:48:45,2026-01-20 10:48:45,benign background entity
ENT000234,10.20.1.12:47623,socket,internal,0,benign,2026-01-20 11:16:01,2026-01-20 11:16:01,benign background entity
ENT000235,10.20.1.12:47868,socket,internal,0,benign,2026-01-20 10:41:33,2026-01-20 10:41:33,benign background entity
ENT000236,10.20.1.12:47941,socket,internal,0,benign,2026-01-20 10:14:48,2026-01-20 10:14:48,benign background entity
ENT000237,10.20.1.12:48036,socket,internal,0,benign,2026-01-20 14:22:06,2026-01-20 14:22:06,benign background entity
ENT000238,10.20.1.12:48075,socket,internal,0,benign,2026-01-20 13:46:24,2026-01-20 13:46:24,benign background entity
ENT000239,10.20.1.12:48390,socket,internal,0,benign,2026-01-20 10:56:19,2026-01-20 10:56:19,benign background entity
ENT000240,10.20.1.12:48639,socket,internal,0,benign,2026-01-20 14:46:38,2026-01-20 14:46:38,benign background entity
ENT000241,10.20.1.12:48661,socket,internal,0,benign,2026-01-20 12:46:02,2026-01-20 12:46:02,benign background entity
ENT000242,10.20.1.12:48795,socket,internal,0,benign,2026-01-20 09:37:28,2026-01-20 09:37:28,benign background entity
ENT000243,10.20.1.12:48960,socket,internal,0,benign,2026-01-20 14:34:14,2026-01-20 14:34:14,benign background entity
ENT000244,10.20.1.12:48968,socket,internal,0,benign,2026-01-20 13:42:02,2026-01-20 13:42:02,benign background entity
ENT000245,10.20.1.12:49046,socket,internal,0,benign,2026-01-20 10:00:44,2026-01-20 10:00:44,benign background entity
ENT000246,10.20.1.12:49116,socket,internal,0,benign,2026-01-20 14:27:12,2026-01-20 14:27:12,benign background entity
ENT000247,10.20.1.12:49160,socket,internal,0,benign,2026-01-20 13:46:47,2026-01-20 13:46:47,benign background entity
ENT000248,10.20.1.12:49175,socket,internal,0,benign,2026-01-20 11:06:30,2026-01-20 11:06:30,benign background entity
ENT000249,10.20.1.12:49448,socket,internal,0,benign,2026-01-20 10:06:41,2026-01-20 10:06:41,benign background entity
ENT000250,10.20.1.12:49456,socket,internal,0,benign,2026-01-20 10:50:50,2026-01-20 10:50:50,benign background entity
ENT000251,10.20.1.12:49589,socket,internal,0,benign,2026-01-20 14:35:48,2026-01-20 14:35:48,benign background entity
ENT000252,10.20.1.12:49752,socket,internal,0,benign,2026-01-20 14:37:03,2026-01-20 14:37:03,benign background entity
ENT000253,10.20.1.12:50034,socket,internal,0,benign,2026-01-20 10:11:25,2026-01-20 10:11:25,benign background entity
ENT000254,10.20.1.12:50093,socket,internal,0,benign,2026-01-20 13:56:41,2026-01-20 13:56:41,benign background entity
ENT000255,10.20.1.12:50136,socket,internal,0,benign,2026-01-20 12:32:23,2026-01-20 12:32:23,benign background entity
ENT000256,10.20.1.12:50356,socket,internal,0,benign,2026-01-20 09:12:10,2026-01-20 09:12:10,benign background entity
ENT000257,10.20.1.12:50407,socket,internal,0,benign,2026-01-20 09:11:12,2026-01-20 09:11:12,benign background entity
ENT000258,10.20.1.12:50583,socket,internal,0,benign,2026-01-20 11:58:07,2026-01-20 11:58:07,benign background entity
ENT000259,10.20.1.12:50652,socket,internal,0,benign,2026-01-20 10:51:15,2026-01-20 10:51:15,benign background entity
ENT000260,10.20.1.12:50750,socket,internal,0,benign,2026-01-20 14:56:07,2026-01-20 14:56:07,benign background entity
ENT000261,10.20.1.12:50992,socket,internal,0,benign,2026-01-20 12:31:30,2026-01-20 12:31:30,benign background entity
ENT000262,10.20.1.12:51024,socket,internal,0,benign,2026-01-20 12:34:27,2026-01-20 12:34:27,benign background entity
ENT000263,10.20.1.12:51043,socket,internal,0,benign,2026-01-20 10:31:22,2026-01-20 10:31:22,benign background entity
ENT000264,10.20.1.12:51048,socket,internal,0,benign,2026-01-20 13:20:03,2026-01-20 13:20:03,benign background entity
ENT000265,10.20.1.12:51190,socket,internal,0,benign,2026-01-20 11:06:17,2026-01-20 11:06:17,benign background entity
ENT000266,10.20.1.12:51468,socket,internal,0,benign,2026-01-20 14:09:16,2026-01-20 14:09:16,benign background entity
ENT000267,10.20.1.12:51509,socket,internal,0,benign,2026-01-20 10:29:18,2026-01-20 10:29:18,benign background entity
ENT000268,10.20.1.12:51634,socket,internal,0,benign,2026-01-20 09:26:18,2026-01-20 09:26:18,benign background entity
ENT000269,10.20.1.12:51708,socket,internal,0,benign,2026-01-20 11:36:13,2026-01-20 11:36:13,benign background entity
ENT000270,10.20.1.12:51749,socket,internal,0,benign,2026-01-20 09:24:04,2026-01-20 09:24:04,benign background entity
ENT000271,10.20.1.12:51988,socket,internal,0,benign,2026-01-20 10:26:01,2026-01-20 10:26:01,benign background entity
ENT000272,10.20.1.12:52027,socket,internal,0,benign,2026-01-20 11:55:21,2026-01-20 11:55:21,benign background entity
ENT000273,10.20.1.12:52073,socket,internal,0,benign,2026-01-20 10:49:38,2026-01-20 10:49:38,benign background entity
ENT000274,10.20.1.12:52131,socket,internal,0,benign,2026-01-20 13:53:49,2026-01-20 13:53:49,benign background entity
ENT000275,10.20.1.12:52423,socket,internal,0,benign,2026-01-20 09:16:05,2026-01-20 09:16:05,benign background entity
ENT000276,10.20.1.12:52499,socket,internal,0,benign,2026-01-20 14:06:09,2026-01-20 14:06:09,benign background entity
ENT000277,10.20.1.12:53051,socket,internal,0,benign,2026-01-20 12:36:31,2026-01-20 12:36:31,benign background entity
ENT000278,10.20.1.12:53067,socket,internal,0,benign,2026-01-20 09:06:05,2026-01-20 13:06:49,benign background entity
ENT000279,10.20.1.12:53135,socket,internal,0,benign,2026-01-20 09:01:46,2026-01-20 09:01:46,benign background entity
ENT000280,10.20.1.12:53147,socket,internal,0,benign,2026-01-20 11:44:48,2026-01-20 11:44:48,benign background entity
ENT000281,10.20.1.12:53452,socket,internal,0,benign,2026-01-20 09:16:35,2026-01-20 09:16:35,benign background entity
ENT000282,10.20.1.12:53455,socket,internal,0,benign,2026-01-20 13:56:30,2026-01-20 13:56:30,benign background entity
ENT000283,10.20.1.12:53473,socket,internal,0,benign,2026-01-20 09:51:23,2026-01-20 09:51:23,benign background entity
ENT000284,10.20.1.12:53503,socket,internal,0,benign,2026-01-20 12:05:06,2026-01-20 12:05:06,benign background entity
ENT000285,10.20.1.12:53509,socket,internal,0,benign,2026-01-20 12:16:12,2026-01-20 12:16:12,benign background entity
ENT000286,10.20.1.12:53657,socket,internal,0,benign,2026-01-20 09:08:45,2026-01-20 09:08:45,benign background entity
ENT000287,10.20.1.12:53678,socket,internal,0,benign,2026-01-20 11:26:25,2026-01-20 11:26:25,benign background entity
ENT000288,10.20.1.12:53832,socket,internal,0,benign,2026-01-20 14:23:36,2026-01-20 14:23:36,benign background entity
ENT000289,10.20.1.12:53840,socket,internal,0,benign,2026-01-20 12:49:45,2026-01-20 12:49:45,benign background entity
ENT000290,10.20.1.12:53859,socket,internal,0,benign,2026-01-20 10:26:11,2026-01-20 10:26:11,benign background entity
ENT000291,10.20.1.12:53911,socket,internal,0,benign,2026-01-20 12:21:27,2026-01-20 12:21:27,benign background entity
ENT000292,10.20.1.12:53969,socket,internal,0,benign,2026-01-20 14:11:06,2026-01-20 14:11:06,benign background entity
ENT000293,10.20.1.12:54113,socket,internal,0,benign,2026-01-20 09:32:27,2026-01-20 09:32:27,benign background entity
ENT000294,10.20.1.12:54177,socket,internal,0,benign,2026-01-20 14:25:40,2026-01-20 14:25:40,benign background entity
ENT000295,10.20.1.12:54193,socket,internal,0,benign,2026-01-20 09:35:39,2026-01-20 09:35:39,benign background entity
ENT000296,10.20.1.12:54267,socket,internal,0,benign,2026-01-20 09:56:02,2026-01-20 09:56:02,benign background entity
ENT000297,10.20.1.12:54348,socket,internal,0,benign,2026-01-20 13:58:35,2026-01-20 13:58:35,benign background entity
ENT000298,10.20.1.12:54373,socket,internal,0,benign,2026-01-20 12:24:10,2026-01-20 12:24:10,benign background entity
ENT000299,10.20.1.12:54424,socket,internal,0,benign,2026-01-20 09:50:14,2026-01-20 09:50:14,benign background entity
ENT000300,10.20.1.12:54436,socket,internal,0,benign,2026-01-20 09:21:42,2026-01-20 09:21:42,benign background entity
ENT000301,10.20.1.12:54449,socket,internal,0,benign,2026-01-20 14:06:44,2026-01-20 14:06:44,benign background entity
ENT000302,10.20.1.12:54551,socket,internal,0,benign,2026-01-20 14:01:29,2026-01-20 14:01:29,benign background entity
ENT000303,10.20.1.12:54574,socket,internal,0,benign,2026-01-20 13:26:29,2026-01-20 13:26:29,benign background entity
ENT000304,10.20.1.12:54677,socket,internal,0,benign,2026-01-20 14:54:44,2026-01-20 14:54:44,benign background entity
ENT000305,10.20.1.12:54840,socket,internal,0,benign,2026-01-20 09:25:15,2026-01-20 09:25:15,benign background entity
ENT000306,10.20.1.12:54878,socket,internal,0,benign,2026-01-20 14:44:07,2026-01-20 14:44:07,benign background entity
ENT000307,10.20.1.12:55049,socket,internal,0,benign,2026-01-20 09:33:01,2026-01-20 09:33:01,benign background entity
ENT000308,10.20.1.12:55088,socket,internal,0,benign,2026-01-20 14:45:29,2026-01-20 14:45:29,benign background entity
ENT000309,10.20.1.12:55107,socket,internal,0,benign,2026-01-20 10:36:11,2026-01-20 10:36:11,benign background entity
ENT000310,10.20.1.12:55170,socket,internal,0,benign,2026-01-20 11:11:01,2026-01-20 11:11:01,benign background entity
ENT000311,10.20.1.12:55219,socket,internal,0,benign,2026-01-20 10:59:13,2026-01-20 10:59:13,benign background entity
ENT000312,10.20.1.12:55387,socket,internal,0,benign,2026-01-20 11:09:31,2026-01-20 11:09:31,benign background entity
ENT000313,10.20.1.12:55409,socket,internal,0,benign,2026-01-20 12:40:36,2026-01-20 12:40:36,benign background entity
ENT000314,10.20.1.12:55519,socket,internal,0,benign,2026-01-20 10:21:29,2026-01-20 10:21:29,benign background entity
ENT000315,10.20.1.12:55527,socket,internal,0,benign,2026-01-20 11:02:06,2026-01-20 11:02:06,benign background entity
ENT000316,10.20.1.12:55540,socket,internal,0,benign,2026-01-20 12:06:40,2026-01-20 12:06:40,benign background entity
ENT000317,10.20.1.12:55574,socket,internal,0,benign,2026-01-20 10:58:19,2026-01-20 10:58:19,benign background entity
ENT000318,10.20.1.12:55606,socket,internal,0,benign,2026-01-20 12:41:21,2026-01-20 12:41:21,benign background entity
ENT000319,10.20.1.12:55660,socket,internal,0,benign,2026-01-20 10:45:00,2026-01-20 10:45:00,benign background entity
ENT000320,10.20.1.12:55817,socket,internal,0,benign,2026-01-20 10:06:19,2026-01-20 10:06:19,benign background entity
ENT000321,10.20.1.12:55935,socket,internal,0,benign,2026-01-20 12:58:02,2026-01-20 12:58:02,benign background entity
ENT000322,10.20.1.12:55937,socket,internal,0,benign,2026-01-20 11:38:00,2026-01-20 11:38:00,benign background entity
ENT000323,10.20.1.12:55966,socket,internal,0,benign,2026-01-20 11:21:38,2026-01-20 11:21:38,benign background entity
ENT000324,10.20.1.12:56093,socket,internal,0,benign,2026-01-20 13:59:08,2026-01-20 13:59:08,benign background entity
ENT000325,10.20.1.12:56117,socket,internal,0,benign,2026-01-20 09:15:07,2026-01-20 09:15:07,benign background entity
ENT000326,10.20.1.12:56147,socket,internal,0,benign,2026-01-20 11:05:16,2026-01-20 11:05:16,benign background entity
ENT000327,10.20.1.12:56152,socket,internal,0,benign,2026-01-20 09:38:01,2026-01-20 09:38:01,benign background entity
ENT000328,10.20.1.12:56320,socket,internal,0,benign,2026-01-20 09:31:34,2026-01-20 09:31:34,benign background entity
ENT000329,10.20.1.12:56478,socket,internal,0,benign,2026-01-20 11:01:39,2026-01-20 11:01:39,benign background entity
ENT000330,10.20.1.12:56774,socket,internal,0,benign,2026-01-20 09:46:03,2026-01-20 09:46:03,benign background entity
ENT000331,10.20.1.12:56809,socket,internal,0,benign,2026-01-20 09:36:27,2026-01-20 09:36:27,benign background entity
ENT000332,10.20.1.12:57018,socket,internal,0,benign,2026-01-20 09:10:21,2026-01-20 09:10:21,benign background entity
ENT000333,10.20.1.12:57043,socket,internal,0,benign,2026-01-20 13:31:19,2026-01-20 13:31:19,benign background entity
ENT000334,10.20.1.12:57131,socket,internal,0,benign,2026-01-20 11:48:12,2026-01-20 11:48:12,benign background entity
ENT000335,10.20.1.12:57339,socket,internal,0,benign,2026-01-20 13:24:14,2026-01-20 13:24:14,benign background entity
ENT000336,10.20.1.12:57349,socket,internal,0,benign,2026-01-20 13:12:22,2026-01-20 13:12:22,benign background entity
ENT000337,10.20.1.12:57441,socket,internal,0,benign,2026-01-20 13:41:21,2026-01-20 13:41:21,benign background entity
ENT000338,10.20.1.12:57505,socket,internal,0,benign,2026-01-20 13:26:24,2026-01-20 13:26:24,benign background entity
ENT000339,10.20.1.12:57712,socket,internal,0,benign,2026-01-20 11:23:00,2026-01-20 11:23:00,benign background entity
ENT000340,10.20.1.12:57739,socket,internal,0,benign,2026-01-20 14:11:24,2026-01-20 14:11:24,benign background entity
ENT000341,10.20.1.12:57849,socket,internal,0,benign,2026-01-20 10:16:27,2026-01-20 10:16:27,benign background entity
ENT000342,10.20.1.12:57935,socket,internal,0,benign,2026-01-20 12:26:25,2026-01-20 12:26:25,benign background entity
ENT000343,10.20.1.12:57953,socket,internal,0,benign,2026-01-20 11:31:28,2026-01-20 11:31:28,benign background entity
ENT000344,10.20.1.12:58211,socket,internal,0,benign,2026-01-20 09:03:21,2026-01-20 09:03:21,benign background entity
ENT000345,10.20.1.12:58447,socket,internal,0,benign,2026-01-20 10:36:24,2026-01-20 10:36:24,benign background entity
ENT000346,10.20.1.12:58686,socket,internal,0,benign,2026-01-20 12:56:30,2026-01-20 12:56:30,benign background entity
ENT000347,10.20.1.12:58848,socket,internal,0,benign,2026-01-20 11:28:39,2026-01-20 11:28:39,benign background entity
ENT000348,10.20.1.12:58968,socket,internal,0,benign,2026-01-20 13:34:23,2026-01-20 13:34:23,benign background entity
ENT000349,10.20.1.12:59010,socket,internal,0,benign,2026-01-20 12:01:40,2026-01-20 12:01:40,benign background entity
ENT000350,10.20.1.12:59290,socket,internal,0,benign,2026-01-20 12:51:20,2026-01-20 12:51:20,benign background entity
ENT000351,10.20.1.12:59319,socket,internal,0,benign,2026-01-20 10:01:11,2026-01-20 10:01:11,benign background entity
ENT000352,10.20.1.12:59651,socket,internal,0,benign,2026-01-20 14:28:31,2026-01-20 14:28:31,benign background entity
ENT000353,10.20.1.12:59728,socket,internal,0,benign,2026-01-20 13:27:18,2026-01-20 13:27:18,benign background entity
ENT000354,10.20.1.12:59768,socket,internal,0,benign,2026-01-20 10:54:18,2026-01-20 10:54:18,benign background entity
ENT000355,10.20.1.12:59790,socket,internal,0,benign,2026-01-20 12:35:27,2026-01-20 12:35:27,benign background entity
ENT000356,10.20.1.12:59796,socket,internal,0,benign,2026-01-20 14:36:08,2026-01-20 14:36:08,benign background entity
ENT000357,10.20.1.12:60075,socket,internal,0,benign,2026-01-20 10:31:17,2026-01-20 10:31:17,benign background entity
ENT000358,10.20.1.12:60096,socket,internal,0,benign,2026-01-20 13:30:27,2026-01-20 13:30:27,benign background entity
ENT000359,10.20.1.12:60120,socket,internal,0,benign,2026-01-20 11:26:47,2026-01-20 11:26:47,benign background entity
ENT000360,10.20.1.12:60265,socket,internal,0,benign,2026-01-20 12:18:41,2026-01-20 12:18:41,benign background entity
ENT000361,10.20.1.12:60354,socket,internal,0,benign,2026-01-20 14:47:08,2026-01-20 14:47:08,benign background entity
ENT000362,10.20.1.12:60396,socket,internal,0,benign,2026-01-20 11:32:09,2026-01-20 11:32:09,benign background entity
ENT000363,10.20.1.12:60440,socket,internal,0,benign,2026-01-20 13:54:04,2026-01-20 13:54:04,benign background entity
ENT000364,10.20.1.12:60501,socket,internal,0,benign,2026-01-20 09:31:23,2026-01-20 09:31:23,benign background entity
ENT000365,10.20.1.12:60520,socket,internal,0,benign,2026-01-20 14:32:11,2026-01-20 14:32:11,benign background entity
ENT000366,10.20.1.12:60621,socket,internal,0,benign,2026-01-20 14:51:02,2026-01-20 14:51:02,benign background entity
ENT000367,10.20.1.12:60627,socket,internal,0,benign,2026-01-20 14:20:14,2026-01-20 14:20:14,benign background entity
ENT000368,10.20.1.12:60678,socket,internal,0,benign,2026-01-20 13:06:17,2026-01-20 13:06:17,benign background entity
ENT000369,10.20.1.12:60717,socket,internal,0,benign,2026-01-20 11:41:02,2026-01-20 11:41:02,benign background entity
ENT000370,10.20.1.12:60857,socket,internal,0,benign,2026-01-20 13:36:13,2026-01-20 13:36:13,benign background entity
ENT000371,10.20.1.12:6514,socket,internal,0,benign,2026-01-20 09:00:39,2026-01-20 14:55:06,benign background entity
ENT000372,10.20.1.12:9100,socket,internal,0,benign,2026-01-20 09:00:17,2026-01-20 14:58:06,benign background entity
ENT000373,10.20.1.21:445,socket,internal,1,Collection/Discovery,2026-01-20 09:38:40,2026-01-20 11:05:16,attack-related entity
ENT000374,10.20.1.21:9100,socket,internal,0,benign,2026-01-20 09:00:08,2026-01-20 14:58:06,benign background entity
ENT000375,10.20.1.31:22,socket,internal,1,Lateral/benign,2026-01-20 09:01:45,2026-01-20 14:56:06,attack-related entity
ENT000376,10.20.1.31:443,socket,internal,1,Discovery/benign,2026-01-20 09:00:07,2026-01-20 14:57:40,attack-related entity
ENT000377,10.20.1.31:6514,socket,internal,0,benign,2026-01-20 09:00:55,2026-01-20 14:55:20,benign background entity
ENT000378,10.20.1.31:9100,socket,internal,0,benign,2026-01-20 09:00:03,2026-01-20 14:58:04,benign background entity
ENT000379,10.20.1.41:42018,socket,internal,0,benign,2026-01-20 12:42:41,2026-01-20 12:42:41,benign background entity
ENT000380,10.20.1.41:42027,socket,internal,0,benign,2026-01-20 10:12:08,2026-01-20 10:12:08,benign background entity
ENT000381,10.20.1.41:42166,socket,internal,0,benign,2026-01-20 10:44:21,2026-01-20 10:44:21,benign background entity
ENT000382,10.20.1.41:42170,socket,internal,0,benign,2026-01-20 09:39:13,2026-01-20 09:39:13,benign background entity
ENT000383,10.20.1.41:42225,socket,internal,0,benign,2026-01-20 12:44:24,2026-01-20 12:44:24,benign background entity
ENT000384,10.20.1.41:42388,socket,internal,0,benign,2026-01-20 11:17:43,2026-01-20 11:17:43,benign background entity
ENT000385,10.20.1.41:42977,socket,internal,0,benign,2026-01-20 09:45:14,2026-01-20 09:45:14,benign background entity
ENT000386,10.20.1.41:43150,socket,internal,0,benign,2026-01-20 09:28:11,2026-01-20 09:28:11,benign background entity
ENT000387,10.20.1.41:43252,socket,internal,0,benign,2026-01-20 13:38:24,2026-01-20 13:38:24,benign background entity
ENT000388,10.20.1.41:43508,socket,internal,0,benign,2026-01-20 10:51:12,2026-01-20 10:51:12,benign background entity
ENT000389,10.20.1.41:43660,socket,internal,0,benign,2026-01-20 13:01:43,2026-01-20 13:01:43,benign background entity
ENT000390,10.20.1.41:43845,socket,internal,0,benign,2026-01-20 09:17:10,2026-01-20 09:17:10,benign background entity
ENT000391,10.20.1.41:43875,socket,internal,0,benign,2026-01-20 10:19:07,2026-01-20 10:19:07,benign background entity
ENT000392,10.20.1.41:44016,socket,internal,0,benign,2026-01-20 11:24:41,2026-01-20 11:24:41,benign background entity
ENT000393,10.20.1.41:44068,socket,internal,0,benign,2026-01-20 09:34:44,2026-01-20 09:34:44,benign background entity
ENT000394,10.20.1.41:44131,socket,internal,0,benign,2026-01-20 14:38:32,2026-01-20 14:38:32,benign background entity
ENT000395,10.20.1.41:44209,socket,internal,0,benign,2026-01-20 10:20:27,2026-01-20 10:20:27,benign background entity
ENT000396,10.20.1.41:44333,socket,internal,0,benign,2026-01-20 11:27:14,2026-01-20 11:27:14,benign background entity
ENT000397,10.20.1.41:44356,socket,internal,0,benign,2026-01-20 12:13:42,2026-01-20 12:13:42,benign background entity
ENT000398,10.20.1.41:44366,socket,internal,0,benign,2026-01-20 09:29:41,2026-01-20 09:29:41,benign background entity
ENT000399,10.20.1.41:44541,socket,internal,0,benign,2026-01-20 10:52:28,2026-01-20 10:52:28,benign background entity
ENT000400,10.20.1.41:44613,socket,internal,0,benign,2026-01-20 14:03:11,2026-01-20 14:03:11,benign background entity
ENT000401,10.20.1.41:44669,socket,internal,0,benign,2026-01-20 14:52:33,2026-01-20 14:52:33,benign background entity
ENT000402,10.20.1.41:44822,socket,internal,0,benign,2026-01-20 10:25:26,2026-01-20 10:25:26,benign background entity
ENT000403,10.20.1.41:44968,socket,internal,0,benign,2026-01-20 12:17:41,2026-01-20 12:17:41,benign background entity
ENT000404,10.20.1.41:45128,socket,internal,0,benign,2026-01-20 14:39:15,2026-01-20 14:39:15,benign background entity
ENT000405,10.20.1.41:45268,socket,internal,0,benign,2026-01-20 11:07:16,2026-01-20 11:07:16,benign background entity
ENT000406,10.20.1.41:45674,socket,internal,0,benign,2026-01-20 09:23:02,2026-01-20 09:23:02,benign background entity
ENT000407,10.20.1.41:45722,socket,internal,0,benign,2026-01-20 14:02:33,2026-01-20 14:02:33,benign background entity
ENT000408,10.20.1.41:45915,socket,internal,0,benign,2026-01-20 14:00:05,2026-01-20 14:00:05,benign background entity
ENT000409,10.20.1.41:46340,socket,internal,0,benign,2026-01-20 10:35:05,2026-01-20 10:35:05,benign background entity
ENT000410,10.20.1.41:46665,socket,internal,0,benign,2026-01-20 10:38:10,2026-01-20 10:38:10,benign background entity
ENT000411,10.20.1.41:46938,socket,internal,0,benign,2026-01-20 13:21:37,2026-01-20 13:21:37,benign background entity
ENT000412,10.20.1.41:46974,socket,internal,0,benign,2026-01-20 11:49:07,2026-01-20 11:49:07,benign background entity
ENT000413,10.20.1.41:47238,socket,internal,0,benign,2026-01-20 10:55:18,2026-01-20 10:55:18,benign background entity
ENT000414,10.20.1.41:47249,socket,internal,0,benign,2026-01-20 14:08:13,2026-01-20 14:08:13,benign background entity
ENT000415,10.20.1.41:47534,socket,internal,0,benign,2026-01-20 12:47:07,2026-01-20 12:47:07,benign background entity
ENT000416,10.20.1.41:47818,socket,internal,0,benign,2026-01-20 13:37:32,2026-01-20 13:37:32,benign background entity
ENT000417,10.20.1.41:48015,socket,internal,0,benign,2026-01-20 14:04:49,2026-01-20 14:04:49,benign background entity
ENT000418,10.20.1.41:48137,socket,internal,0,benign,2026-01-20 10:13:22,2026-01-20 10:13:22,benign background entity
ENT000419,10.20.1.41:48517,socket,internal,0,benign,2026-01-20 09:43:40,2026-01-20 09:43:40,benign background entity
ENT000420,10.20.1.41:48569,socket,internal,0,benign,2026-01-20 09:14:22,2026-01-20 09:14:22,benign background entity
ENT000421,10.20.1.41:48664,socket,internal,0,benign,2026-01-20 11:31:27,2026-01-20 11:31:27,benign background entity
ENT000422,10.20.1.41:49300,socket,internal,0,benign,2026-01-20 10:01:30,2026-01-20 10:01:30,benign background entity
ENT000423,10.20.1.41:49420,socket,internal,0,benign,2026-01-20 11:43:25,2026-01-20 11:43:25,benign background entity
ENT000424,10.20.1.41:49486,socket,internal,0,benign,2026-01-20 09:19:25,2026-01-20 09:19:25,benign background entity
ENT000425,10.20.1.41:49815,socket,internal,0,benign,2026-01-20 14:40:34,2026-01-20 14:40:34,benign background entity
ENT000426,10.20.1.41:49858,socket,internal,0,benign,2026-01-20 10:53:00,2026-01-20 10:53:00,benign background entity
ENT000427,10.20.1.41:49896,socket,internal,0,benign,2026-01-20 14:10:16,2026-01-20 14:10:16,benign background entity
ENT000428,10.20.1.41:49897,socket,internal,0,benign,2026-01-20 12:45:21,2026-01-20 12:45:21,benign background entity
ENT000429,10.20.1.41:50224,socket,internal,0,benign,2026-01-20 14:21:03,2026-01-20 14:21:03,benign background entity
ENT000430,10.20.1.41:50279,socket,internal,0,benign,2026-01-20 13:11:03,2026-01-20 13:11:03,benign background entity
ENT000431,10.20.1.41:50419,socket,internal,0,benign,2026-01-20 14:36:02,2026-01-20 14:36:02,benign background entity
ENT000432,10.20.1.41:50450,socket,internal,0,benign,2026-01-20 13:10:18,2026-01-20 13:10:18,benign background entity
ENT000433,10.20.1.41:50475,socket,internal,0,benign,2026-01-20 11:41:14,2026-01-20 11:41:14,benign background entity
ENT000434,10.20.1.41:50497,socket,internal,0,benign,2026-01-20 11:42:24,2026-01-20 11:42:24,benign background entity
ENT000435,10.20.1.41:50717,socket,internal,0,benign,2026-01-20 13:14:23,2026-01-20 13:14:23,benign background entity
ENT000436,10.20.1.41:50882,socket,internal,0,benign,2026-01-20 12:02:16,2026-01-20 12:02:16,benign background entity
ENT000437,10.20.1.41:50893,socket,internal,0,benign,2026-01-20 11:11:06,2026-01-20 11:11:06,benign background entity
ENT000438,10.20.1.41:50932,socket,internal,0,benign,2026-01-20 12:48:44,2026-01-20 12:48:44,benign background entity
ENT000439,10.20.1.41:51321,socket,internal,0,benign,2026-01-20 11:53:34,2026-01-20 11:53:34,benign background entity
ENT000440,10.20.1.41:51640,socket,internal,0,benign,2026-01-20 09:58:43,2026-01-20 09:58:43,benign background entity
ENT000441,10.20.1.41:51673,socket,internal,0,benign,2026-01-20 13:49:05,2026-01-20 13:49:05,benign background entity
ENT000442,10.20.1.41:51684,socket,internal,0,benign,2026-01-20 12:09:12,2026-01-20 12:09:12,benign background entity
ENT000443,10.20.1.41:51840,socket,internal,0,benign,2026-01-20 11:57:02,2026-01-20 11:57:02,benign background entity
ENT000444,10.20.1.41:51911,socket,internal,0,benign,2026-01-20 13:41:30,2026-01-20 13:41:30,benign background entity
ENT000445,10.20.1.41:52570,socket,internal,0,benign,2026-01-20 12:22:04,2026-01-20 12:22:04,benign background entity
ENT000446,10.20.1.41:52720,socket,internal,0,benign,2026-01-20 12:06:13,2026-01-20 12:06:13,benign background entity
ENT000447,10.20.1.41:53195,socket,internal,0,benign,2026-01-20 09:40:31,2026-01-20 09:40:31,benign background entity
ENT000448,10.20.1.41:53317,socket,internal,0,benign,2026-01-20 12:50:10,2026-01-20 12:50:10,benign background entity
ENT000449,10.20.1.41:53321,socket,internal,0,benign,2026-01-20 09:59:14,2026-01-20 09:59:14,benign background entity
ENT000450,10.20.1.41:53364,socket,internal,0,benign,2026-01-20 12:36:24,2026-01-20 12:36:24,benign background entity
ENT000451,10.20.1.41:53463,socket,internal,0,benign,2026-01-20 09:20:24,2026-01-20 09:20:24,benign background entity
ENT000452,10.20.1.41:53599,socket,internal,0,benign,2026-01-20 11:15:23,2026-01-20 11:15:23,benign background entity
ENT000453,10.20.1.41:53641,socket,internal,0,benign,2026-01-20 14:41:00,2026-01-20 14:41:00,benign background entity
ENT000454,10.20.1.41:53821,socket,internal,0,benign,2026-01-20 11:13:03,2026-01-20 11:13:03,benign background entity
ENT000455,10.20.1.41:53921,socket,internal,0,benign,2026-01-20 14:49:30,2026-01-20 14:49:30,benign background entity
ENT000456,10.20.1.41:53925,socket,internal,0,benign,2026-01-20 13:17:02,2026-01-20 13:17:02,benign background entity
ENT000457,10.20.1.41:53927,socket,internal,0,benign,2026-01-20 12:03:35,2026-01-20 12:03:35,benign background entity
ENT000458,10.20.1.41:54098,socket,internal,0,benign,2026-01-20 12:19:37,2026-01-20 12:19:37,benign background entity
ENT000459,10.20.1.41:54140,socket,internal,0,benign,2026-01-20 09:22:10,2026-01-20 09:22:10,benign background entity
ENT000460,10.20.1.41:54283,socket,internal,0,benign,2026-01-20 13:23:36,2026-01-20 13:23:36,benign background entity
ENT000461,10.20.1.41:54494,socket,internal,0,benign,2026-01-20 13:55:04,2026-01-20 13:55:04,benign background entity
ENT000462,10.20.1.41:54982,socket,internal,0,benign,2026-01-20 11:01:32,2026-01-20 11:01:32,benign background entity
ENT000463,10.20.1.41:55018,socket,internal,0,benign,2026-01-20 13:44:32,2026-01-20 13:44:32,benign background entity
ENT000464,10.20.1.41:55026,socket,internal,0,benign,2026-01-20 09:05:26,2026-01-20 09:05:26,benign background entity
ENT000465,10.20.1.41:55519,socket,internal,0,benign,2026-01-20 10:21:07,2026-01-20 10:21:07,benign background entity
ENT000466,10.20.1.41:55653,socket,internal,0,benign,2026-01-20 10:30:46,2026-01-20 10:30:46,benign background entity
ENT000467,10.20.1.41:55688,socket,internal,0,benign,2026-01-20 10:56:17,2026-01-20 10:56:17,benign background entity
ENT000468,10.20.1.41:55709,socket,internal,0,benign,2026-01-20 14:56:41,2026-01-20 14:56:41,benign background entity
ENT000469,10.20.1.41:55767,socket,internal,0,benign,2026-01-20 10:08:35,2026-01-20 10:08:35,benign background entity
ENT000470,10.20.1.41:55871,socket,internal,0,benign,2026-01-20 13:39:25,2026-01-20 13:39:25,benign background entity
ENT000471,10.20.1.41:56087,socket,internal,0,benign,2026-01-20 12:27:06,2026-01-20 12:27:06,benign background entity
ENT000472,10.20.1.41:56198,socket,internal,0,benign,2026-01-20 09:52:01,2026-01-20 09:52:01,benign background entity
ENT000473,10.20.1.41:56620,socket,internal,0,benign,2026-01-20 10:22:04,2026-01-20 10:22:04,benign background entity
ENT000474,10.20.1.41:56684,socket,internal,0,benign,2026-01-20 11:39:08,2026-01-20 11:39:08,benign background entity
ENT000475,10.20.1.41:57394,socket,internal,0,benign,2026-01-20 14:48:14,2026-01-20 14:48:14,benign background entity
ENT000476,10.20.1.41:57784,socket,internal,0,benign,2026-01-20 11:50:19,2026-01-20 11:50:19,benign background entity
ENT000477,10.20.1.41:57915,socket,internal,0,benign,2026-01-20 14:30:39,2026-01-20 14:30:39,benign background entity
ENT000478,10.20.1.41:57949,socket,internal,0,benign,2026-01-20 11:29:33,2026-01-20 11:29:33,benign background entity
ENT000479,10.20.1.41:58065,socket,internal,0,benign,2026-01-20 13:05:37,2026-01-20 13:05:37,benign background entity
ENT000480,10.20.1.41:58067,socket,internal,0,benign,2026-01-20 14:50:48,2026-01-20 14:50:48,benign background entity
ENT000481,10.20.1.41:58294,socket,internal,0,benign,2026-01-20 10:27:44,2026-01-20 10:27:44,benign background entity
ENT000482,10.20.1.41:58319,socket,internal,0,benign,2026-01-20 10:37:10,2026-01-20 10:37:10,benign background entity
ENT000483,10.20.1.41:58346,socket,internal,0,benign,2026-01-20 13:13:00,2026-01-20 13:13:00,benign background entity
ENT000484,10.20.1.41:58353,socket,internal,0,benign,2026-01-20 13:29:09,2026-01-20 13:29:09,benign background entity
ENT000485,10.20.1.41:58382,socket,internal,0,benign,2026-01-20 10:34:22,2026-01-20 10:34:22,benign background entity
ENT000486,10.20.1.41:58687,socket,internal,0,benign,2026-01-20 12:39:38,2026-01-20 12:39:38,benign background entity
ENT000487,10.20.1.41:58864,socket,internal,0,benign,2026-01-20 12:57:04,2026-01-20 12:57:04,benign background entity
ENT000488,10.20.1.41:58874,socket,internal,0,benign,2026-01-20 09:01:32,2026-01-20 09:01:32,benign background entity
ENT000489,10.20.1.41:58954,socket,internal,0,benign,2026-01-20 09:49:10,2026-01-20 09:49:10,benign background entity
ENT000490,10.20.1.41:59194,socket,internal,0,benign,2026-01-20 13:50:14,2026-01-20 13:50:14,benign background entity
ENT000491,10.20.1.41:59212,socket,internal,0,benign,2026-01-20 12:43:04,2026-01-20 12:43:04,benign background entity
ENT000492,10.20.1.41:59241,socket,internal,0,benign,2026-01-20 11:56:10,2026-01-20 11:56:10,benign background entity
ENT000493,10.20.1.41:59356,socket,internal,0,benign,2026-01-20 12:00:39,2026-01-20 12:00:39,benign background entity
ENT000494,10.20.1.41:59494,socket,internal,0,benign,2026-01-20 12:11:23,2026-01-20 12:11:23,benign background entity
ENT000495,10.20.1.41:59720,socket,internal,0,benign,2026-01-20 10:42:18,2026-01-20 10:42:18,benign background entity
ENT000496,10.20.1.41:59899,socket,internal,0,benign,2026-01-20 11:18:38,2026-01-20 11:18:38,benign background entity
ENT000497,10.20.1.41:60097,socket,internal,0,benign,2026-01-20 10:07:24,2026-01-20 10:07:24,benign background entity
ENT000498,10.20.1.41:60119,socket,internal,0,benign,2026-01-20 09:54:08,2026-01-20 09:54:08,benign background entity
ENT000499,10.20.1.41:60130,socket,internal,0,benign,2026-01-20 11:45:15,2026-01-20 11:45:15,benign background entity
ENT000500,10.20.1.41:60195,socket,internal,0,benign,2026-01-20 09:18:22,2026-01-20 09:18:22,benign background entity
ENT000501,10.20.1.41:60940,socket,internal,0,benign,2026-01-20 11:22:49,2026-01-20 11:22:49,benign background entity
ENT000502,10.20.1.41:873,socket,internal,0,benign,2026-01-20 09:03:26,2026-01-20 14:48:23,benign background entity
ENT000503,192.0.2.10:443,socket,external,0,benign,2026-01-20 09:10:28,2026-01-20 14:40:05,benign background entity
ENT000504,192.0.2.30:443,socket,external,0,benign,2026-01-20 09:02:32,2026-01-20 14:59:02,benign background entity
ENT000505,192.0.2.40:993,socket,external,0,benign,2026-01-20 09:00:15,2026-01-20 14:55:28,benign background entity
ENT000506,198.51.100.23:443,socket,external,1,IA,2026-01-20 09:24:18,2026-01-20 09:24:18,attack-related entity
ENT000507,198.51.100.77:443,socket,external,1,C2,2026-01-20 12:31:12,2026-01-20 14:42:31,attack-related entity
ENT000508,203.0.113.88:443,socket,external,1,Exfiltration,2026-01-20 13:36:25,2026-01-20 13:36:25,attack-related entity
ENT000509,backup-agent:1230@file-srv-01,process,file-srv-01,0,benign,2026-01-20 09:03:26,2026-01-20 14:49:34,benign background entity
ENT000510,bash:2232@ws-dev-02,process,ws-dev-02,0,benign,2026-01-20 09:04:57,2026-01-20 14:39:02,benign background entity
ENT000511,bash:2250@ws-dev-02,process,ws-dev-02,0,benign,2026-01-20 09:01:51,2026-01-20 14:58:25,benign background entity
ENT000512,bash:2502@ws-finance-01,process,ws-finance-01,1,Discovery,2026-01-20 09:37:05,2026-01-20 09:37:17,attack-related entity
ENT000513,cron:902@ws-finance-01,process,ws-finance-01,1,C2/Persistence,2026-01-20 10:08:30,2026-01-20 14:10:04,attack-related entity
ENT000514,curl:2221@ws-dev-02,process,ws-dev-02,0,benign,2026-01-20 09:02:32,2026-01-20 14:59:05,benign background entity
ENT000515,docker:2244@ws-dev-02,process,ws-dev-02,0,benign,2026-01-20 09:02:30,2026-01-20 14:58:14,benign background entity
ENT000516,firefox:2101@ws-finance-01,process,ws-finance-01,0,benign,2026-01-20 09:00:07,2026-01-20 14:58:01,benign background entity
ENT000517,firefox:2412@ws-finance-01,process,ws-finance-01,1,IA,2026-01-20 09:24:18,2026-01-20 09:25:06,attack-related entity
ENT000518,git:2212@ws-dev-02,process,ws-dev-02,0,benign,2026-01-20 09:09:20,2026-01-20 14:45:12,benign background entity
ENT000519,gvfsd:1120@ws-finance-01,process,ws-finance-01,0,benign,2026-01-20 09:00:08,2026-01-20 14:59:27,benign background entity
ENT000520,libreoffice:2112@ws-finance-01,process,ws-finance-01,0,benign,2026-01-20 09:00:12,2026-01-20 14:59:52,benign background entity
ENT000521,log_collector:1410@mon-srv-01,process,mon-srv-01,0,benign,2026-01-20 09:00:13,2026-01-20 14:59:12,benign background entity
ENT000522,logrotate:1335@portal-web-01,process,portal-web-01,0,benign,2026-01-20 09:04:15,2026-01-20 14:44:01,benign background entity
ENT000523,maintenance-helper:3008@ws-finance-01,process,ws-finance-01,1,PE,2026-01-20 10:05:06,2026-01-20 10:05:06,attack-related entity
ENT000524,nginx:1301@portal-web-01,process,portal-web-01,0,benign,2026-01-20 09:00:41,2026-01-20 14:59:14,benign background entity
ENT000525,portal-sync:4022@portal-web-01,process,portal-web-01,1,C2/Discovery/Persistence,2026-01-20 12:04:09,2026-01-20 14:42:31,attack-related entity
ENT000526,prometheus:1401@mon-srv-01,process,mon-srv-01,0,benign,2026-01-20 09:00:03,2026-01-20 14:59:44,benign background entity
ENT000527,python3:1316@portal-web-01,process,portal-web-01,0,benign,2026-01-20 13:20:40,2026-01-20 13:27:31,benign background entity
ENT000528,python3:2232@ws-dev-02,process,ws-dev-02,0,benign,2026-01-20 09:00:37,2026-01-20 14:59:37,benign background entity
ENT000529,python3:2250@ws-dev-02,process,ws-dev-02,0,benign,2026-01-20 09:00:10,2026-01-20 14:59:23,benign background entity
ENT000530,rsyncd:1214@file-srv-01,process,file-srv-01,0,benign,2026-01-20 09:01:29,2026-01-20 14:59:35,benign background entity
ENT000531,sh:3011@ws-finance-01,process,ws-finance-01,1,Defense-Evasion/PE,2026-01-20 10:05:06,2026-01-20 10:12:12,attack-related entity
ENT000532,sh:4015@portal-web-01,process,portal-web-01,1,Lateral/Persistence,2026-01-20 12:02:01,2026-01-20 12:02:50,attack-related entity
ENT000533,smbd:1170@file-srv-01,process,file-srv-01,1,Collection,2026-01-20 11:07:41,2026-01-20 11:09:18,attack-related entity
ENT000534,smbd:1201@file-srv-01,process,file-srv-01,0,benign,2026-01-20 09:00:26,2026-01-20 14:58:41,benign background entity
ENT000535,ssh:2201@ws-dev-02,process,ws-dev-02,0,benign,2026-01-20 09:01:45,2026-01-20 14:56:06,benign background entity
ENT000536,sshd:1288@portal-web-01,process,portal-web-01,1,Lateral,2026-01-20 12:02:01,2026-01-20 12:02:01,attack-related entity
ENT000537,sshd:1324@portal-web-01,process,portal-web-01,0,benign,2026-01-20 09:01:46,2026-01-20 14:56:07,benign background entity
ENT000538,suricata:1420@mon-srv-01,process,mon-srv-01,0,benign,2026-01-20 09:01:27,2026-01-20 14:53:39,benign background entity
ENT000539,syswatch:3280@ws-finance-01,process,ws-finance-01,1,C2/Collection/Discovery/Exfiltration/Lateral/Persistence,2026-01-20 10:20:03,2026-01-20 13:41:50,attack-related entity
ENT000540,syswatch:4890@ws-finance-01,process,ws-finance-01,1,C2,2026-01-20 14:10:04,2026-01-20 14:10:22,attack-related entity
ENT000541,tar:3412@ws-finance-01,process,ws-finance-01,1,Collection,2026-01-20 11:10:02,2026-01-20 11:10:38,attack-related entity
ENT000542,thunderbird:2124@ws-finance-01,process,ws-finance-01,0,benign,2026-01-20 09:00:15,2026-01-20 14:55:30,benign background entity
ENT000543,update-check:2440@ws-finance-01,process,ws-finance-01,1,Discovery/Execution/IA/PE,2026-01-20 09:25:06,2026-01-20 10:04:58,attack-related entity
ENT000544,updatedb:1902@ws-finance-01,process,ws-finance-01,0,benign,2026-01-20 09:10:28,2026-01-20 14:40:11,benign background entity
ENT000545,uwsgi:1308@portal-web-01,process,portal-web-01,0,benign,2026-01-20 09:00:40,2026-01-20 14:58:12,benign background entity
